Section,ChatCHW asks,Reply,GraderBot rubric,Similarity
Question,What is the patient's sex?,Male,NA,NA
Question,What is the patient's age?,1,NA,NA
Question,Does the patient have a caregiver?,No,NA,NA
Question,Who is accompanying the patient?,1,NA,NA
Question,Please describe what brings you here today,Cough,Presents with: cough or cold ,100%
Followup,Has the child shown any signs of chest indrawing or difficulty breathing along with the cough?,5 days,Required questions: – Ask: “For how long has the child had the cough?” (to ensure it’s <14 days) (p. 23),0%
Followup,Has the child had any recent exposure to someone with a respiratory infection or any known allergens?,"No, the child has not been exposed to anyone with a respiratory infection or any known allergens recently.",Optional questions: – Confirm no fever or other complaints (to ensure it’s just a simple cough).,100%
Followup,Has the child experienced any recent changes in appetite or weight loss?,"No, the child has not experienced any recent changes in appetite or weight loss.",Optional questions: – Confirm no fever or other complaints (to ensure it’s just a simple cough).,100%
Followup,Has the child had any recent changes in their sleeping patterns or increased irritability?,"No, the child has not experienced any recent changes in their sleeping patterns or increased irritability.",Optional questions: – Confirm no fever or other complaints (to ensure it’s just a simple cough).,100%
Followup,Has the child had any recent exposure to cold weather or been in environments with significant air pollution?,"No, the child has not been exposed to cold weather nor been in environments with significant air pollution recently.",Optional questions: – Confirm no fever or other complaints (to ensure it’s just a simple cough).,100%
Diagnosis,"Based on the information provided and adhering strictly to the medical guide content:\n\n- Primary Diagnosis: The primary diagnosis cannot be definitively determined from the medical guide information provided as there are no specific symptoms, such as fast breathing, fever, or unusual sleepiness, mentioned that match the guide's criteria for a specific diagnosis.\n\n- Differential Diagnoses: Without specific symptoms such as fever, chest indrawing, unusually sleepy or unconscious state, or details on breathing rate, it's challenging to pinpoint a differential diagnosis from the medical guide. The guide suggests observing for signs like fast breathing, fever, and the child's general alertness to assess their condition further.\n\n- Treatment Plan: The medical guide does not provide a direct treatment plan without a clear diagnosis. However, it emphasizes treating the child if they are sick but show no danger signs, suggesting supportive care and monitoring for any changes in the child's condition that could indicate a more serious illness. For coughs not accompanied by fast breathing or other severe symptoms, the guide implies a watchful waiting approach might be appropriate, ensuring the child is comfortable and hydrated while monitoring for any developments.","Final diagnosis: No pneumonia (Simple cough/cold) – cough <14 days, normal breathing, no danger signs (p. 46).",0%
Treatment,"Based on the medical guide information provided and the patient's symptoms, here is a streamlined treatment plan:\n\n1. Ensure the child is comfortable and in a safe, calm environment.\n2. Offer the child fluids to keep them hydrated.\n3. Monitor the child for any new symptoms such as:\n   - Fast breathing: For a child aged 2 months up to 12 months, this is 50 breaths per minute or more. For a child aged 12 months up to 5 years, it's 40 breaths per minute or more.\n   - Fever: Check if the child feels hotter than usual to touch or if the caregiver reports the child having a fever.\n   - Unusual sleepiness or difficulty waking the child.\n   - Signs of difficulty in drinking or feeding.\n   - Vomiting: Especially if the child vomits everything they drink or eat.\n   - Chest indrawing, which is a sign of difficulty breathing.\n   - Swelling of both feet.\n4. If the child develops any of the above symptoms, reassess using the guide to determine the next steps based on the specific symptom.\n5. If cough persists for 14 days or more, consider this as a reason for referral.\n6. If any danger signs develop (as listed in the guide: unusually sleepy or unconscious, red on MUAC strap, not able to drink or feed anything, vomits everything, chest indrawing), refer immediately to a healthcare facility.\n7. Continue to monitor the child's general well-being, ensuring they are eating, drinking, and playing as normal.\n\nNote: The medical guide does not provide specific treatment recommendations without a clear diagnosis. The steps above are focused on supportive care and monitoring for any changes that would necessitate further medical intervention or referral.","Treatment plan: – No antibiotics needed (explain that without fast breathing, it’s likely a mild cough/cold) (p. 46). Advise home care: use a safe soothing remedy like a bit of honey in warm water to calm the cough (for child >6 months) (p. 46). Ensure the child continues feeding well and fluids. Warn against cough syrups or unsafe medicines (p. 46).",0%
